booking_id,customer_id,booking_date,number_of_passengers,cost_per_passenger,destination
1,64,2023-03-18,4,577.7879965368113,Port Heatherview
2,34,2023-01-12,2,807.2015168681866,Kellystad
3,7,2023-12-20,3,500.67025846354267,Nelsonport
4,12,2023-05-27,3,896.4882724263003,Robertsontown
5,7,2023-12-12,1,615.2071388848909,Hamptonview
6,89,2024-01-10,2,254.07828104829034,West Leonardton
7,54,2023-05-27,3,501.9200142796956,Debraberg
8,92,2023-12-16,5,788.1474277323724,Williamschester
9,86,2023-07-25,4,344.40584504025367,Hamptonview
10,52,2023-10-31,2,481.6596217318905,New Andrew
11,88,2023-07-25,2,576.1118330477848,Josephfurt
12,100,2023-03-24,5,427.3707212194168,Petersfurt
13,34,2023-06-07,4,752.5681932342148,Lake Brittanyshire
14,74,2023-10-30,2,812.63079479898,New Andrew
15,15,2023-09-12,4,932.1959750305299,Gregoryview
16,39,2023-08-12,2,404.456271865251,North Renee
17,95,2023-06-08,5,421.1637191236682,Lake Kevin
18,74,2023-08-11,3,655.4887855817552,North Jermainechester
19,92,2023-06-24,2,830.4940410870937,North Paigeland
20,21,2023-05-15,5,807.3788445728683,South Tammiebury
21,98,2023-07-07,1,545.8351224798316,Port Jeffreyhaven
22,96,2023-04-20,2,940.3153842002322,Shanefort
23,54,2023-10-01,5,156.36314859523065,North Erinborough
24,37,2023-03-19,1,507.3762872258016,New Juliehaven
25,92,2023-12-26,1,861.7157461398602,Port Michaelmouth
26,1,2023-04-30,2,908.2254786582251,North Renee
27,98,2023-10-21,2,281.95633025411723,North Kendra
28,13,2023-04-03,5,862.0517677636761,Deckerland
29,33,2023-07-27,2,709.5646904468196,Port Dianemouth
30,21,2023-11-16,1,496.62548670687755,Port Antonio
31,99,2023-04-02,3,320.60705478972056,Michaelshire
32,16,2023-04-07,1,295.85121041429846,Josephfurt
33,65,2023-01-24,3,675.2322843038942,Dudleybury
34,57,2023-03-01,5,500.65885070046335,Lake Cherylbury
35,73,2023-03-08,4,887.8982850550963,Braunchester
36,79,2023-03-04,1,346.87788754690314,Matthewhaven
37,73,2023-02-17,3,875.9610091311015,Lake Brittanyshire
38,96,2023-11-25,2,847.8300229430602,Port Drewberg
39,64,2023-12-27,2,875.8868793842931,Hamptonview
40,48,2023-08-08,4,593.4451771511979,East Crystalbury
41,84,2024-01-06,2,978.9975470472355,Nicolefort
42,59,2023-07-01,1,801.3521795710036,Annmouth
43,85,2023-05-29,3,334.7656988973521,Lake Kevin
44,57,2023-06-17,4,128.60883588271182,Walterschester
45,36,2023-02-18,4,290.24875238173854,Mallorystad
46,89,2023-06-09,4,278.62413929398167,Moranland
47,24,2023-07-29,3,210.20692542542335,North Renee
48,82,2023-06-24,5,300.2174578734765,West Leonardton
49,91,2023-04-03,4,608.0519954577677,Williamschester
50,12,2023-01-15,1,941.2458561419426,Port Dianemouth
51,20,2023-06-10,2,881.2889802774387,West Angelafurt
52,94,2023-05-27,3,197.68586491940368,Christinestad
53,68,2023-06-18,5,762.6848603414679,Millerchester
54,84,2023-05-13,5,853.997663290058,Braunchester
55,73,2023-11-10,3,112.18546109315685,Braunchester
56,63,2023-09-27,1,694.1828161120108,North Renee
57,9,2023-03-04,5,691.9729373493783,North Erinborough
58,8,2023-02-21,2,787.6739289371026,South Anthonybury
59,10,2023-07-09,3,241.43852034033156,New Andrew
60,95,2023-06-06,2,646.6913327423376,Port Jeffreyhaven
61,73,2023-06-24,4,672.3264819334036,Millsborough
62,33,2023-05-13,2,663.2349327434293,East Crystalbury
63,83,2023-12-27,5,536.870602921298,West Leonardton
64,10,2023-02-20,4,199.9264313260103,North Kendra
65,29,2023-07-29,1,800.9569242538287,Braunchester
66,86,2023-04-08,5,991.0101865767025,North Jason
67,11,2023-02-22,4,432.90233752446096,Port Jeffreyhaven
68,63,2023-04-02,5,690.8269245132783,Port Dianemouth
69,22,2023-09-29,1,177.58920625129446,New Rachelland
70,83,2023-08-14,4,384.55707929298205,Campbellton
71,60,2023-11-30,5,768.8988054925326,Michellehaven
72,79,2023-07-12,5,237.6010783097211,Petersfurt
73,5,2023-04-01,3,957.5978429286617,Debraberg
74,28,2023-01-14,4,796.4182341056276,Petersfurt
75,29,2023-11-23,1,626.0825318082728,New Andrew
76,17,2023-04-25,3,944.4930062487164,Port Dawnview
77,34,2023-07-13,3,465.0891710045206,East Crystalbury
78,20,2024-01-07,1,873.3610349536825,North Deanna
79,23,2023-03-05,4,657.0105497735327,Lake Kimberlyfurt
80,69,2023-01-13,5,472.2443749300258,Durhamview
81,67,2023-04-12,5,266.08688914173086,Nelsonport
82,91,2023-04-04,3,741.7037399734498,Brandonview
83,27,2023-03-03,4,768.0375356498384,Debraberg
84,25,2023-08-25,1,459.1543245152019,West Angelafurt
85,42,2023-12-25,4,314.4927721820893,Jenniferfurt
86,80,2023-02-20,4,510.25092802991867,Gailmouth
87,6,2023-02-02,1,551.7854140272332,Hamptonview
88,66,2023-11-10,5,237.89952113414606,North Garybury
89,80,2023-11-05,5,729.6034094880133,Michellehaven
90,81,2023-05-31,3,403.19339010176543,West Angelafurt
91,31,2023-02-21,2,598.1479842733795,Moranland
92,17,2023-11-07,1,718.4863698319359,New Juliehaven
93,78,2023-08-15,3,962.8045057961979,Mallorystad
94,4,2023-05-15,4,648.2384447905123,Port Antonio
95,63,2023-05-27,1,795.2100644971957,Villarrealfort
96,23,2023-06-24,1,339.24156982540467,East Crystalbury
97,35,2023-09-17,5,555.8048682264703,West Nicholasside
98,99,2023-07-20,2,487.1023885008255,East Mckenzie
99,96,2023-12-27,3,923.4499933629002,East Davidfort
100,99,2024-01-10,3,804.6858592256166,Walterschester
101,25,2023-04-20,5,938.4913447203251,New Andrew
102,96,2023-10-20,4,730.5042815102624,Melaniebury
103,17,2023-07-22,2,793.1382209473786,Christopherstad
104,95,2023-08-27,5,585.8880635919372,Durhamview
105,85,2023-09-19,5,405.09778209758827,Petersonport
106,18,2023-10-30,5,681.1288198045706,North Carolyn
107,11,2023-11-12,1,120.97845208820351,South Melissa
108,21,2023-06-11,2,838.1512475819526,Nicholaston
109,26,2023-09-29,3,412.1798282557412,Shermanview
110,61,2023-08-17,5,312.4467293174784,West Mark
111,28,2023-09-01,2,328.0439449833327,Cartershire
112,59,2023-02-22,4,136.53766387446456,South Melissa
113,33,2023-02-12,4,404.7924581508301,Port Dawnview
114,88,2023-12-17,4,958.5825402858308,North Garybury
115,76,2023-09-19,2,933.2918685417758,Collinsside
116,35,2023-10-10,5,928.9360904589357,Lake Brittany
117,19,2023-03-28,4,341.55835377585254,Hartfort
118,31,2023-05-29,5,568.4323139146823,Hartfort
119,9,2023-12-22,5,586.8660910659387,Hartfort
120,43,2023-08-20,2,532.8291404564243,Brandonview
121,100,2023-09-29,1,620.0561734072176,North Jason
122,35,2023-02-22,2,609.7464846747471,Williamschester
123,60,2023-09-03,3,281.444485370895,Collinsside
124,28,2023-08-07,2,940.7262402422758,Petersfurt
125,76,2023-03-13,5,712.9773629549402,Matthewhaven
126,82,2023-10-01,5,509.0408180404738,Millsborough
127,86,2023-10-23,1,777.6897734711787,Deckerland
128,78,2023-03-03,1,273.69380731800425,North Paigeland
129,44,2023-10-01,4,237.10366474211335,Hallmouth
130,96,2023-02-09,5,801.5231125181865,Cliffordfurt
131,95,2023-12-25,3,152.39135846005934,Hallmouth
132,23,2023-08-11,5,113.53742591432056,Danielmouth
133,16,2023-05-23,5,542.7740924191742,Lake Patrickstad
134,1,2023-03-12,3,100.30335399296352,East Loretta
135,68,2023-06-25,5,637.21227475866,Josephfurt
136,98,2023-09-14,1,285.9921924318718,Michaelshire
137,98,2023-05-05,3,932.5516783062649,West Leonardton
138,24,2023-12-05,5,917.9709535342965,North Renee
139,61,2024-01-09,5,972.1608089293526,Chamberschester
140,41,2023-01-30,5,132.86212244055315,West Laurenberg
141,82,2023-10-09,2,114.34239764003743,Walterschester
142,52,2023-12-25,1,440.71746151162,Hartfort
143,50,2023-05-13,2,461.38459531156786,Brandonview
144,79,2023-06-05,1,750.6479179645398,Lake Lauraton
145,61,2023-09-22,2,416.0888190068268,Annmouth
146,78,2023-10-07,1,342.87352888762797,East Davidfort
147,5,2023-01-18,1,547.328262960217,North Kendra
148,42,2023-08-09,3,311.6665869535043,Kellystad
149,61,2023-07-28,3,243.58344187938746,Gailmouth
150,69,2023-11-07,1,349.38764152055097,Christinestad
151,14,2023-06-27,3,521.4843397108339,Gregoryview
152,45,2023-03-06,2,896.1529418711419,Melaniebury
153,44,2023-11-16,2,383.50074119446356,Port Drewberg
154,87,2023-02-17,2,782.5533523568763,East Loretta
155,56,2023-05-16,3,524.362376533611,Port Antonio
156,34,2023-10-02,3,385.9247818739882,Mallorystad
157,5,2023-09-09,2,162.85475988568348,New Juliehaven
158,8,2023-06-27,2,459.8304779611108,Lake Cherylbury
159,53,2023-03-07,5,724.877382178097,Lake Brittanyshire
160,90,2023-07-20,5,875.8109085528188,Nicholaston
161,26,2023-07-21,2,748.2572916380167,Walterschester
162,96,2023-12-20,1,567.8493554927398,West Mark
163,19,2023-08-28,3,780.2670663144517,Lake Lauraton
164,58,2023-12-12,3,163.61193418985192,Hartfort
165,84,2023-09-30,1,453.35152251789907,North Paigeland
166,54,2023-11-08,4,259.29866784747753,East Charles
167,24,2023-08-22,1,272.24775898794593,North Deanna
168,24,2023-07-03,2,461.63872599490776,North Jason
169,100,2023-05-21,1,841.1367737678739,Jenniferfurt
170,63,2023-05-13,3,167.92071999410516,Melaniebury
171,62,2023-10-09,4,930.1510303061011,Hartfort
172,62,2023-06-29,2,520.27652800188,Masonchester
173,42,2023-02-05,2,237.11752144404545,Cliffordfurt
174,8,2023-08-23,4,953.6982049769761,East Crystalbury
175,22,2023-10-19,1,752.1841580063281,Melaniebury
176,21,2023-01-14,1,626.5476946908607,North Erinborough
177,69,2023-02-22,2,917.3757718872174,Collinsside
178,34,2023-04-14,1,442.9851714068214,Gonzalesshire
179,54,2023-01-14,3,275.95178197272116,Campbellton
180,50,2023-07-02,1,596.2246876758932,Gailmouth
181,89,2023-06-28,2,150.36004972594145,Port Michaelmouth
182,3,2023-08-12,4,657.6777401162046,Valenciafurt
183,39,2023-11-01,5,619.7703480045232,North Paigeland
184,66,2023-02-10,5,185.2869210266495,Port Dawnview
185,75,2023-04-06,1,199.09848145554926,Durhamview
186,79,2023-03-08,3,893.5265076835343,West Mark
187,6,2023-06-10,1,726.91477739064,Lake Brittany
188,55,2023-04-03,5,811.6974661693339,Petersonport
189,41,2023-04-29,5,286.19088354055054,Port Drewberg
190,70,2023-04-06,1,289.9317750571398,Villarrealfort
191,26,2023-06-13,2,683.323798119027,Campbellton
192,16,2023-06-12,5,415.7527802533992,Michaelshire
193,52,2023-12-04,1,454.31216309111795,Nelsonport
194,27,2023-10-10,4,190.21739076450126,Port Antonio
195,85,2023-04-21,3,368.00641034376525,Port Heatherview
196,67,2023-10-30,1,582.3489255008376,North Jason
197,76,2023-03-27,1,824.3360396566837,South Melissa
198,94,2023-08-03,1,497.2581615729758,Dudleybury
199,94,2023-04-01,4,733.5740215502818,Deckerland
200,38,2023-03-29,5,488.08863429295735,Chamberschester
201,69,2023-08-04,4,371.38156500855007,North Kylie
202,26,2023-06-18,2,123.80748125164223,Port Michaelmouth
203,92,2023-03-01,3,447.27852635582724,Millsborough
204,23,2023-02-01,4,935.7432858300147,Wilkinsonmouth
205,1,2023-05-19,3,698.3581209375396,Melaniebury
206,38,2023-02-17,5,497.23621860853683,North Kylie
207,23,2023-08-17,2,862.3629385890233,Campbellton
208,17,2023-01-25,2,819.9635344082295,Michellehaven
209,94,2023-09-02,2,196.28296172923393,North Carolyn
210,98,2023-07-31,2,714.0625345039961,Port Antonio
211,70,2023-07-22,4,701.0094607039483,Danielmouth
212,67,2023-03-09,3,533.3237103170204,North Renee
213,34,2023-08-27,5,889.8722437864957,Moranland
214,47,2023-01-24,3,947.2929315752357,North Jason
215,74,2023-06-30,3,927.9381948317575,Port Drewberg
216,43,2023-09-25,4,604.689373973212,New Rachelland
217,13,2023-02-26,1,152.991508502549,West Nicholasside
218,46,2023-10-18,1,294.36368937198364,West Mark
219,98,2023-03-19,3,422.8352621100348,North Kylie
220,38,2023-06-29,2,303.335012498252,Hartfort
221,77,2023-03-03,2,290.47874182318594,New Andrew
222,3,2023-12-09,1,651.4391771875265,Sueshire
223,72,2023-02-15,2,811.9885502483879,North Renee
224,73,2023-06-04,5,876.8669595898072,Lake Brittany
225,58,2023-12-18,2,511.48575145394204,Port Antonio
226,4,2023-06-17,4,100.70083234768137,Dudleybury
227,31,2023-03-24,2,218.64398346517106,Cartershire
228,88,2023-06-07,3,191.22563442144138,North Carolyn
229,96,2023-04-10,4,797.4560959652364,Sosatown
230,44,2023-10-13,1,399.95816722058663,Campbellton
231,28,2023-06-10,3,439.78887169030463,Dudleybury
232,77,2023-10-09,4,309.43626267440817,North Jermainechester
233,80,2023-08-12,5,261.97518975070454,South Melissa
234,46,2023-10-23,2,965.4639685031598,Campbellton
235,6,2023-06-18,4,816.8713773440622,West Leonardton
236,66,2023-02-07,3,111.19923509478807,Lake Lauraton
237,43,2023-03-17,3,114.74898507982991,Gailmouth
238,89,2023-05-12,4,297.66722314501135,Shermanview
239,45,2023-03-21,4,194.77778835127197,North Erinborough
240,13,2023-11-02,1,378.09539428252214,Gregoryview
241,37,2023-12-22,3,528.1887458079703,East Bernardton
242,69,2023-09-02,4,566.1028173871056,Deckerland
243,13,2023-06-11,1,874.0607380932418,Nicolefort
244,70,2023-08-26,1,336.484593031383,Danielmouth
245,64,2023-04-18,3,941.925871044778,Medinatown
246,34,2023-01-15,1,496.6645072078716,Brandonview
247,79,2023-09-08,4,287.27404909305386,Braunchester
248,64,2023-01-27,5,672.4048272153759,Lake Kevin
249,94,2023-10-14,3,510.4691857378537,New Rachelland
250,63,2023-07-29,2,716.6217659183814,Cliffordfurt
251,45,2023-12-09,1,361.59953023388977,Campbellton
252,27,2023-08-03,2,397.64439690349207,East Loretta
253,51,2023-06-06,3,210.8480768377791,Hallmouth
254,35,2023-04-20,4,511.10340298329663,Lake Brittany
255,90,2023-05-17,1,818.8180942129419,Shermanview
256,51,2023-01-25,1,980.9275336838489,East Bernardton
257,57,2023-10-27,4,228.5291622575223,Millsborough
258,94,2023-10-11,3,453.76162409430555,Brandonview
259,39,2023-02-01,2,341.71013750573707,New Rachelland
260,59,2023-01-14,2,167.58972116262225,Williamschester
261,20,2023-01-30,5,307.0600913118213,Millerbury
262,96,2023-07-15,2,310.56785269954895,North Garybury
263,65,2023-09-25,1,403.65003497728503,South Tammiebury
264,56,2023-09-27,1,581.3394094446046,West Nicholasside
265,52,2023-02-18,2,804.2552501130106,Sosatown
266,11,2023-01-18,4,656.2428733096561,Millsborough
267,19,2023-10-17,5,593.1240003718013,North Garybury
268,30,2023-10-01,1,774.232738561094,Melaniebury
269,9,2023-08-05,5,995.6087381066636,Sosatown
270,18,2023-01-27,5,575.3009335864847,East Mckenzie
271,10,2023-03-10,5,115.83194433918004,Jenniferport
272,94,2023-02-23,3,954.5665484251058,Jenniferfurt
273,22,2023-05-24,5,258.55368488604984,Medinatown
274,99,2023-11-22,5,193.4897780153712,Michaelshire
275,2,2023-09-12,5,282.28500058138275,Lake Brittanyshire
276,60,2023-03-17,3,441.3836198293601,Nicolefort
277,69,2023-07-15,1,162.86387192310667,New Christopherburgh
278,8,2023-04-11,5,813.126819657477,Hamptonview
279,58,2023-09-20,2,665.5696775341391,Cliffordfurt
280,2,2023-12-20,4,133.49346393418745,Braunchester
281,49,2023-08-04,3,386.2264542979177,East Bernardton
282,96,2023-07-19,3,821.1023072069951,Millerbury
283,56,2023-07-10,5,667.9291636819672,Durhamview
284,48,2023-08-31,1,576.2643188742659,Dudleybury
285,33,2023-04-30,4,782.9405764787388,Millerchester
286,100,2023-08-23,5,709.4279229260295,Lake Kimberlyfurt
287,21,2023-07-07,3,169.84626951248657,Port Michaelmouth
288,91,2023-06-30,2,883.020991555574,Robertsontown
289,66,2023-07-16,2,148.4361674625632,West Leonardton
290,75,2023-07-04,3,496.72514319606813,Johnathanburgh
291,94,2023-12-09,1,742.1414768452497,North Jermainechester
292,60,2023-03-13,1,845.4440022595331,North Jermainechester
293,26,2023-03-07,2,246.16965906568888,Josephfurt
294,87,2023-07-01,4,111.65714396015562,North Erinborough
295,52,2023-08-11,3,558.0120612495493,Robertsontown
296,46,2023-06-10,5,769.5240037839361,Williamschester
297,11,2023-06-19,4,323.74743391945066,Lake Cherylbury
298,31,2023-07-18,5,714.6089567947229,Gailmouth
299,4,2023-11-08,5,320.3663506277376,Aguirreside
300,52,2023-04-22,5,536.8452157834133,North Garybury
301,88,2023-12-31,3,134.71568261696925,Lake Lauraton
302,35,2023-09-27,1,623.7583376822807,Lake Lauraton
303,95,2023-12-06,5,318.4708359336112,New Juliehaven
304,93,2023-05-04,4,944.3257762464543,Lake Brittanyshire
305,5,2023-04-09,1,410.68617128442094,Aguirreside
306,30,2023-03-05,3,392.98071750131726,Jenniferfurt
307,46,2023-10-15,4,692.6521390343751,Petersonport
308,76,2023-10-21,1,207.32875818059898,Annmouth
309,35,2023-06-21,2,908.3057637485036,New Andrew
310,79,2023-12-10,3,276.98481238221405,Sheltontown
311,96,2023-02-13,5,763.7322200361605,Nicolefort
312,19,2023-02-19,4,683.7476466158229,Kellystad
313,15,2023-05-02,2,905.0546305161837,Valenciafurt
314,64,2023-02-17,5,426.2150565185175,Hartfort
315,49,2023-10-29,2,527.6560777169989,Williemouth
316,15,2023-12-17,2,762.5867577489531,North Kendra
317,43,2023-09-02,4,959.4497862101267,Lake Brittany
318,16,2023-06-26,5,514.5658657847137,West Mark
319,85,2023-02-22,4,146.6082054936353,New Rachelland
320,100,2023-01-31,4,498.543369095452,Cliffordfurt
321,9,2023-04-27,2,189.43475078145687,Valenciafurt
322,66,2023-11-08,5,762.5212709241641,West Nicholasside
323,45,2023-03-25,5,274.8415591131953,Gailmouth
324,25,2023-02-13,2,546.4417550323082,Lake Kimberlyfurt
325,32,2023-04-04,2,740.7494004566779,Port Heatherview
326,3,2023-10-11,1,225.49566561083105,Port Michaelmouth
327,87,2023-11-23,5,670.8157243523983,North Jermainechester
328,28,2023-04-04,3,801.2277054329505,Millsborough
329,40,2023-09-18,1,436.60249149646023,North Rebecca
330,99,2023-05-19,1,356.0844463226926,New Andrew
331,65,2023-01-24,1,211.28069948260713,Port Jeffreyhaven
332,8,2023-03-19,2,886.3751412287971,Debraberg
333,96,2023-11-12,2,157.77784144374408,Campbellton
334,32,2023-11-04,3,706.8201038396583,North Garybury
335,40,2023-01-18,1,275.5744123788661,South Tammiebury
336,82,2023-02-23,5,213.14890878790288,Cliffordfurt
337,85,2023-07-28,2,337.244613121846,Walterschester
338,47,2023-08-21,2,354.45633532255346,North Kylie
339,27,2023-05-20,1,434.2433373734665,West Laurenberg
340,36,2023-04-17,1,245.46471462659633,Petersfurt
341,32,2023-05-24,1,722.49944272514,Millerbury
342,10,2023-05-11,2,350.0054701947819,Nicolefort
343,42,2023-04-08,4,661.42277925045,Petersonport
344,1,2023-03-11,5,652.0356199000953,Lake Kevin
345,28,2024-01-11,4,753.6704963037073,Lake Kevin
346,90,2023-07-20,3,251.06459369270016,Masonchester
347,1,2023-05-01,3,200.62634261897313,Mallorystad
348,65,2023-09-25,1,605.1898240899453,Port Jeffreyhaven
349,79,2023-09-30,3,222.26736789293494,Shanefort
350,90,2023-08-11,3,290.4827429115924,Nicholaston
351,18,2023-07-16,2,121.86426662387842,West Leonardton
352,53,2023-01-26,4,889.1809787263835,Hartfort
353,2,2023-08-17,4,505.5276669975367,Lake Kevin
354,96,2023-05-31,2,785.5910575983017,Sheltontown
355,64,2023-01-28,5,651.9198382952827,Williamschester
356,93,2023-11-30,4,653.7206470059862,Moranland
357,44,2023-04-22,4,413.16374623395046,Michaelshire
358,8,2023-06-03,3,240.14898794693462,North Jermainechester
359,55,2023-11-22,3,668.4653600478273,Petersonport
360,45,2023-05-03,1,752.3292551511105,Christinestad
361,22,2023-03-25,3,178.73376738060986,Danielmouth
362,16,2023-10-12,1,942.5598035159304,North Erinborough
363,1,2023-06-04,3,129.2021528747768,East Mckenzie
364,83,2023-02-10,1,603.2200737310093,Michellehaven
365,10,2023-08-15,1,888.539069865059,Deckerland
366,71,2023-03-16,1,853.6488585998604,Hamptonview
367,51,2023-06-29,4,501.9717627633503,Port Michaelmouth
368,7,2023-01-28,1,575.0695118303672,Dudleybury
369,90,2023-01-18,5,851.3542264527757,Sosatown
370,54,2023-06-28,1,726.0115361203294,Cartershire
371,17,2023-11-18,5,188.2514903544943,Nelsonport
372,66,2023-03-01,5,873.3571552048907,Walterschester
373,5,2023-04-26,1,427.8933084398079,South Melissa
374,52,2023-02-18,5,158.56188452617386,North Jason
375,35,2024-01-08,5,232.792561712698,Medinatown
376,98,2023-04-19,4,149.44731645420595,Shanefort
377,68,2023-08-31,2,854.5433633983091,Port Jeffreyhaven
378,71,2023-12-04,3,233.64458180931805,South Anthonybury
379,26,2023-05-30,3,508.4882527054445,Lake Brittanyshire
380,21,2023-03-15,3,450.3976209543366,North Rebecca
381,75,2023-04-04,2,844.7354089356803,West Nicholasside
382,87,2023-07-12,4,955.6435924214727,East Bernardton
383,61,2023-04-27,2,204.4794466983669,North Rebecca
384,61,2023-07-27,3,601.2617584226944,Dudleybury
385,95,2023-04-09,3,894.4143809426992,Sheltontown
386,10,2023-10-07,3,698.9867016914352,Lake Lauraton
387,64,2023-02-01,5,655.2689915908854,Lake Kevin
388,69,2023-10-29,3,660.0538615682408,West Laurenberg
389,52,2023-12-08,5,314.82478111846126,Millerchester
390,79,2023-04-15,1,891.3513384046757,Josephfurt
391,3,2023-06-19,4,288.926931591035,Williamschester
392,74,2023-07-22,3,701.5974347916472,Port Dianemouth
393,83,2023-11-03,2,980.3499636796412,Lake Lauraton
394,98,2023-08-16,1,120.20217901190026,South Tammiebury
395,61,2023-07-19,1,367.46279126297185,Mallorystad
396,25,2023-02-05,2,644.6437168713338,Josephfurt
397,30,2023-05-27,1,707.2234134275793,Michellehaven
398,58,2023-08-23,1,529.0768904359682,Christopherstad
399,83,2023-08-15,3,706.5441157204838,Christinestad
400,57,2023-04-30,4,401.3710902737638,West Leonardton
401,42,2023-02-08,5,438.6132455650384,Petersonport
402,84,2023-11-23,4,250.13159743334253,Nicolefort
403,39,2023-05-10,1,741.7957699739657,Lake Cherylbury
404,80,2023-01-24,3,192.26049970590185,North Jason
405,42,2023-11-16,5,143.0302708402088,Port Heatherview
406,24,2023-11-02,3,841.2204523630709,Hamptonview
407,87,2023-01-13,3,337.2492803137523,Valenciafurt
408,62,2023-11-05,4,727.6380964123992,Valenciafurt
409,42,2023-12-03,4,534.9468994421793,North Rebecca
410,60,2023-05-05,1,545.2914832219933,Wilkinsonmouth
411,96,2023-03-09,2,745.47887733812,Port Antonio
412,46,2023-01-25,5,990.8093893998042,New Mark
413,2,2023-12-22,1,996.1342001309407,Millsborough
414,33,2023-06-07,5,746.7539980438844,Christopherstad
415,39,2023-05-27,4,557.6805607428853,Christinestad
416,2,2023-07-18,1,680.9828926481084,Collinsside
417,42,2023-06-15,2,430.34240327651804,Masonchester
418,80,2023-07-09,4,833.3929314741561,North Deanna
419,71,2023-08-07,2,991.6553586734325,East Crystalbury
420,18,2023-08-16,5,654.314928491977,Lake Kevin
421,34,2023-03-08,3,215.77363233636333,East Bernardton
422,23,2023-11-11,3,513.2038557787725,Lake Kimberlyfurt
423,2,2023-10-21,5,933.4478963100155,North Garybury
424,87,2023-10-20,2,212.00693695406937,Christinestad
425,86,2023-07-08,5,676.730455827725,New Mark
426,48,2023-05-28,2,934.4933926362502,Johnathanburgh
427,58,2023-06-28,4,759.8000632757623,Brandonview
428,22,2023-09-18,3,577.4857713441284,Jenniferport
429,7,2023-06-01,5,799.6610275691681,Melaniebury
430,40,2023-10-18,1,194.63040111665393,Debraberg
431,44,2023-09-11,2,370.78492894719676,Shermanview
432,87,2023-06-19,2,701.87784906653,North Rebecca
433,72,2023-06-18,1,632.2450738457294,New Mark
434,25,2023-09-03,5,367.28156697237426,Chamberschester
435,16,2023-11-23,5,368.0208817365627,Jenniferfurt
436,12,2023-02-27,4,579.302505799526,Lake Brittany
437,7,2023-12-23,3,226.25675804066833,Port Jeffreyhaven
438,99,2023-08-16,3,498.4618521875589,Port Michaelmouth
439,79,2023-05-14,4,768.9115840506512,Michaelshire
440,85,2023-08-17,5,646.2428577078,Christopherstad
441,12,2023-11-28,1,357.82853155174325,Williamschester
442,64,2023-12-05,1,641.2441765858282,Shermanview
443,31,2023-06-22,5,635.5610992069688,Cliffordfurt
444,17,2023-07-02,1,763.1663762285721,Mallorystad
445,16,2023-04-15,2,206.608454434654,Lake Kimberlyfurt
446,54,2023-04-10,4,255.1400217494567,Medinatown
447,4,2023-06-21,3,362.44062034393806,Millsborough
448,80,2023-08-30,5,589.8682317401913,North Jermainechester
449,47,2023-10-08,1,723.3282787965044,West Angelafurt
450,47,2023-06-29,3,687.4470443201984,North Jermainechester
451,20,2023-08-21,1,316.9930645401679,Hallmouth
452,2,2023-02-25,3,998.7675331299371,East Crystalbury
453,35,2023-08-18,5,362.4112146798711,Nicolefort
454,57,2023-09-17,2,224.40661595851196,Michaelshire
455,14,2023-02-25,5,169.5868903738218,Jenniferport
456,4,2023-09-09,2,149.36996232361548,Petersfurt
457,68,2023-11-04,4,645.4052615009603,Mallorystad
458,96,2023-05-03,2,444.4789760817832,Petersonport
459,11,2023-04-18,4,486.9368941445622,Debraberg
460,16,2024-01-09,2,143.52588944784404,North Renee
461,40,2023-05-09,4,121.43886755072481,East Davidfort
462,30,2023-06-21,4,470.6737983586185,Lake Lauraton
463,30,2023-06-09,3,183.27346545796706,North Rebecca
464,18,2023-11-14,3,776.3057445163165,East Davidfort
465,15,2023-09-18,4,252.94382822262196,Collinsside
466,78,2023-11-12,4,870.1328927713738,Port Drewberg
467,83,2023-08-23,5,108.68757698178231,North Jason
468,64,2023-10-21,4,907.7899722557314,Millsborough
469,39,2023-05-09,5,545.7789853364259,Michellehaven
470,26,2023-08-27,2,745.0640018171688,Medinatown
471,98,2023-09-29,5,719.9750775209039,West Leonardton
472,62,2023-09-27,4,289.0956382305553,Lake Patrickstad
473,8,2023-10-13,4,985.599073765008,Jenniferfurt
474,76,2023-05-18,4,593.3662042769066,Brandonview
475,56,2023-05-07,2,484.91333389593166,Shanefort
476,78,2023-10-13,4,194.71457788462754,Christopherstad
477,59,2023-08-05,4,722.7001975563845,North Jermainechester
478,64,2023-04-13,3,642.1359817102152,Campbellton
479,67,2023-08-16,4,230.34967224920024,Hallmouth
480,28,2023-10-13,2,741.5343022135042,North Kylie
481,65,2023-12-05,5,935.0341517293224,North Kendra
482,32,2023-09-02,5,699.6659225678563,Christinestad
483,10,2023-06-08,1,582.3635584774595,Brandonview
484,60,2023-06-20,5,995.6958745988093,Gonzalesshire
485,17,2023-07-01,3,414.93747170776703,Braunchester
486,13,2023-04-12,4,495.64508728774786,North Kylie
487,14,2023-06-30,4,707.3115617407091,Sosatown
488,65,2023-09-12,3,640.154944506286,New Mark
489,25,2023-11-28,4,606.8728089307326,Nicolefort
490,8,2023-05-27,1,727.3548488384018,Danielmouth
491,21,2024-01-11,4,787.6630905276231,Jenniferfurt
492,22,2023-12-06,5,170.76877431183095,Mallorystad
493,67,2023-05-25,3,847.0011091560394,Cliffordfurt
494,69,2023-06-14,1,871.491680438233,Moranland
495,5,2023-03-09,4,402.4889228792274,Campbellton
496,80,2023-06-14,2,597.0890900009146,Port Jeffreyhaven
497,8,2023-08-16,5,924.440212693508,East Charles
498,58,2023-04-21,5,359.5505002098408,Christinestad
499,5,2023-03-29,2,137.5342755342516,Christinestad
500,18,2023-08-06,4,370.50937876512603,North Garybury
501,95,2023-10-11,4,313.20989449490975,Brandonview
502,92,2023-08-24,1,713.3165513208982,Jenniferport
503,40,2023-09-28,4,800.3647313618545,Sosatown
504,61,2023-06-26,4,478.0984876930758,Port Drewberg
505,7,2023-07-11,4,766.6561312587578,Lake Kevin
506,80,2023-05-09,2,451.5242083137341,Chamberschester
507,46,2023-12-08,3,300.141313936233,Port Antonio
508,13,2023-05-23,5,511.77706091286973,Dudleybury
509,38,2023-07-17,3,948.1395990991703,Gailmouth
510,48,2023-05-30,4,316.9016602037294,Michaelshire
511,9,2023-05-11,1,877.2377534812139,East Crystalbury
512,30,2023-03-16,1,577.1526744264189,Brandonview
513,23,2023-06-30,3,993.6997105412934,Michaelshire
514,55,2023-10-24,2,136.9899370590199,Gregoryview
515,71,2023-10-18,1,878.273111098459,North Jermainechester
516,6,2023-07-31,3,238.84697416843875,Lake Kimberlyfurt
517,68,2023-10-16,1,654.192971781051,North Garybury
518,50,2023-11-17,5,537.3684269350834,Petersonport
519,53,2023-04-15,2,653.2726367510753,New Juliehaven
520,83,2023-03-18,5,506.4118328549994,East Mckenzie
521,57,2023-10-05,4,125.77056070370583,Port Antonio
522,57,2023-11-25,3,502.8901844502561,Gailmouth
523,56,2023-02-28,2,801.0948397973145,Michaelshire
524,3,2023-02-19,4,772.6260229876868,West Leonardton
525,27,2023-08-01,5,395.96883961868235,Nelsonport
526,5,2023-02-17,5,109.45627425415199,New Andrew
527,17,2023-03-04,4,478.3971872301767,North Jermainechester
528,8,2023-03-03,4,734.8587652873459,East Bernardton
529,46,2023-10-17,3,239.01220375076858,Port Dianemouth
530,6,2023-12-15,2,728.9434684276254,West Mark
531,23,2023-10-25,1,600.2491410216793,East Davidfort
532,90,2023-11-01,5,688.4570067727732,Petersonport
533,11,2023-10-21,4,409.4866970042804,East Davidfort
534,8,2023-08-16,5,667.9241435476603,Gailmouth
535,62,2023-03-12,3,558.8822651068365,West Laurenberg
536,76,2023-03-18,1,682.007157788833,Dudleybury
537,20,2023-07-13,4,196.20088999355679,New Rachelland
538,4,2023-05-19,1,274.43350183138534,North Carolyn
539,31,2023-07-26,3,266.37230398888084,Nicholaston
540,1,2023-08-31,4,386.32081154461355,Millerchester
541,94,2023-01-26,4,637.3504976059726,Mallorystad
542,70,2023-09-30,5,603.3547985210041,Lake Lauraton
543,43,2023-12-08,3,381.29959156092156,Nicholaston
544,80,2023-10-28,1,211.45014725454809,Lake Kevin
545,55,2023-07-16,1,487.592071760597,Hallmouth
546,4,2023-09-12,1,970.8507986558994,Chamberschester
547,50,2023-06-04,3,344.13318045568195,Melaniebury
548,87,2023-05-18,2,399.42861126995285,East Bernardton
549,95,2023-11-20,2,223.0665958178002,Nicolefort
550,4,2023-02-18,3,897.2172298387592,New Rachelland
551,58,2023-02-21,5,146.93069617099593,Sosatown
552,68,2023-07-29,4,925.6265681138337,East Charles
553,65,2023-06-03,5,776.6700037386607,New Juliehaven
554,84,2023-03-24,1,677.633922227589,Nicolefort
555,24,2023-05-28,2,381.57824081452867,Port Heatherview
556,86,2023-12-03,3,293.74498523500426,East Bernardton
557,55,2023-12-22,3,119.76487193127247,Aguirreside
558,77,2023-07-09,4,327.0589693847969,Shermanview
559,77,2023-04-27,1,704.1034298403775,South Anthonybury
560,56,2023-09-03,2,136.57496707901126,Robertsontown
561,14,2023-08-21,1,151.82083105300916,Melaniebury
562,75,2023-03-03,2,371.01955342329063,South Anthonybury
563,100,2023-12-11,1,926.8256484433714,Michellehaven
564,9,2023-11-24,4,197.77949047728725,Port Antonio
565,81,2023-03-03,2,868.3220313010656,Gailmouth
566,89,2023-05-28,3,907.6979193093274,Gregoryview
567,39,2023-12-14,1,955.5007376465015,Lake Lauraton
568,79,2023-03-29,2,258.5356179585631,Hartfort
569,41,2023-07-14,4,430.5458192244495,Kellystad
570,62,2023-07-16,1,336.1457600738157,South Tammiebury
571,90,2023-06-03,5,712.1676479510866,Lake Cherylbury
572,60,2023-04-05,2,426.802025244535,North Garybury
573,36,2024-01-03,5,864.9256269144706,Johnathanburgh
574,50,2023-02-20,5,830.6697927325868,East Bernardton
575,82,2023-12-06,5,397.44766674557326,Collinsside
576,44,2023-12-13,5,813.2387998215265,Valenciafurt
577,81,2023-06-02,2,355.4673413367898,Dudleybury
578,76,2023-06-11,3,710.0394410296389,North Deanna
579,65,2023-04-17,2,969.7785952513076,Annmouth
580,9,2023-03-30,5,444.0886581229935,Jenniferfurt
581,15,2023-10-16,2,639.9907855885918,Sheltontown
582,85,2024-01-08,4,376.724895041817,Hamptonview
583,14,2023-10-12,5,231.39915591446635,South Anthonybury
584,97,2023-11-15,2,537.3479443317833,Valenciafurt
585,56,2023-02-18,5,271.1092406406548,North Erinborough
586,78,2023-03-23,3,155.909358673481,New Juliehaven
587,43,2023-11-09,3,883.920611604554,Petersfurt
588,53,2023-05-15,3,463.52238318022637,Millerchester
589,67,2023-06-20,1,975.6227027161193,Shermanview
590,43,2023-07-21,4,957.9389887208594,Kellystad
591,80,2023-03-25,1,428.3440379616112,Gregoryview
592,47,2023-02-10,3,552.4121989817106,Port Michaelmouth
593,76,2023-08-10,3,279.02211323772815,Sheltontown
594,92,2023-11-25,5,564.4358116103226,Petersfurt
595,52,2023-04-27,4,134.99256319671798,West Angelafurt
596,51,2023-10-27,2,389.44635039909707,Collinsside
597,46,2023-07-20,2,662.0234037490201,Port Drewberg
598,55,2023-08-16,2,325.9082640320689,New Rachelland
599,9,2023-08-05,3,365.64487469057053,Wilkinsonmouth
600,11,2023-04-12,3,806.1501101758869,Debraberg
601,11,2023-10-10,1,611.6287297736665,Lake Kevin
602,70,2023-05-14,2,737.7914063357097,Port Jeffreyhaven
603,13,2023-12-04,1,908.8760451391742,Williamschester
604,20,2023-07-23,3,204.11559386192127,Kellystad
605,56,2023-08-06,2,488.2404898772897,East Bernardton
606,82,2023-08-01,4,400.7145799322051,Nelsonport
607,62,2023-06-11,5,690.447290995327,Sheltontown
608,55,2023-07-22,1,329.8394761617808,Gregoryview
609,62,2023-02-01,2,926.063822309306,Shermanview
610,80,2023-10-28,1,594.4865981453731,Lake Kevin
611,87,2023-12-26,1,128.90163647042993,Debraberg
612,96,2023-11-05,5,903.6831689713241,Hallmouth
613,30,2023-10-04,3,975.8725740479723,North Deanna
614,24,2023-11-17,2,589.995262435162,Port Heatherview
615,31,2023-07-03,5,255.0431143938567,North Paigeland
616,30,2023-11-15,3,992.4640856519084,Dudleybury
617,3,2023-02-07,1,619.8063139727014,Christopherstad
618,46,2023-05-19,5,109.47433437016846,Shanefort
619,59,2023-04-22,2,452.42721465564034,New Juliehaven
620,61,2023-08-12,2,702.275812259763,North Jason
621,29,2023-02-11,1,517.5156269706963,Durhamview
622,72,2023-07-08,3,469.0384273067453,Wilkinsonmouth
623,12,2023-10-20,5,951.8212750093236,West Leonardton
624,32,2023-05-11,1,872.5631326000837,Aguirreside
625,82,2023-08-20,1,175.1419097993707,West Nicholasside
626,70,2023-04-13,4,108.99997976789132,West Mark
627,18,2023-09-02,3,779.6487572601084,South Anthonybury
628,27,2023-03-21,2,185.46826640075693,West Angelafurt
629,5,2023-12-18,4,365.45530473298726,North Jason
630,53,2023-08-12,3,586.853999782073,North Jason
631,27,2023-08-30,2,359.5409985807824,Katrinastad
632,70,2023-01-18,1,897.7992906249804,Mallorystad
633,60,2023-12-26,5,754.4342470835919,Cliffordfurt
634,4,2023-06-10,2,884.7465861393293,Millerchester
635,50,2023-07-10,5,613.0423200966524,New Juliehaven
636,28,2023-11-27,2,916.9468818062202,Valenciafurt
637,14,2023-08-15,2,594.5082366774951,Gailmouth
638,81,2023-08-21,2,867.831536266011,Jenniferport
639,17,2023-12-30,5,623.1111997545715,Petersonport
640,27,2023-08-11,3,706.7597627181801,Shanefort
641,98,2023-10-25,2,505.86307823616795,North Carolyn
642,72,2023-11-01,4,970.0612766624274,West Angelafurt
643,93,2023-04-26,3,116.53520657596763,New Juliehaven
644,33,2023-04-24,2,248.80549752065392,Campbellton
645,58,2023-06-16,3,513.6352006693194,Petersfurt
646,37,2023-05-11,3,229.19282672066007,East Crystalbury
647,73,2023-09-11,4,728.2039968909642,Durhamview
648,85,2023-04-27,5,850.047457361926,West Angelafurt
649,20,2023-12-14,4,305.3769930254057,Matthewhaven
650,21,2023-07-09,1,454.1795674636792,West Angelafurt
651,25,2023-04-21,3,805.8472363354042,New Christopherburgh
652,26,2023-06-23,5,987.534435517923,Shanefort
653,12,2023-01-30,3,523.3513185208824,Matthewhaven
654,7,2023-04-10,2,617.0379893991621,East Charles
655,50,2023-12-02,2,924.9832528658899,Lake Kevin
656,84,2023-06-25,5,390.8335490956394,North Paigeland
657,7,2023-11-14,3,748.0734855133054,West Nicholasside
658,70,2023-11-25,5,119.53338198994913,Petersfurt
659,23,2023-12-09,4,898.1494496231052,Sheltontown
660,17,2023-02-11,4,179.81617880380227,Aguirreside
661,86,2023-04-30,1,883.5509217331913,Nicolefort
662,97,2023-12-30,5,171.01389932953174,Port Dawnview
663,22,2023-12-12,5,165.18994944386654,Cartershire
664,27,2023-10-30,4,816.5923443258279,Johnathanburgh
665,30,2023-10-11,1,188.14330917384783,Port Jeffreyhaven
666,73,2023-03-28,4,134.99962026593687,Petersonport
667,15,2023-09-08,1,630.4686560670615,New Andrew
668,71,2023-08-10,1,684.7797696120292,Nicolefort
669,98,2023-08-27,4,755.311182953192,West Angelafurt
670,18,2023-10-06,3,614.3804477541908,Cliffordfurt
671,52,2023-08-23,1,784.5134891544544,Danielmouth
672,9,2023-03-21,1,990.6377621140452,Durhamview
673,59,2023-11-01,4,828.0146080730866,South Tammiebury
674,69,2023-10-02,4,509.53674404990556,North Renee
675,78,2023-12-19,3,704.1227271604569,Port Drewberg
676,97,2023-11-14,3,197.28367175009518,Wilkinsonmouth
677,42,2023-09-16,3,469.04799279723204,North Jason
678,3,2023-03-25,3,976.1044472648213,Port Michaelmouth
679,58,2023-07-13,4,238.6965290724605,Villarrealfort
680,36,2023-11-24,1,727.0038890106144,Jenniferfurt
681,40,2023-05-06,2,539.6616682012241,Lake Brittany
682,67,2023-06-27,5,134.0207046674738,Port Jeffreyhaven
683,1,2023-01-24,5,718.7875762623263,Michellehaven
684,1,2023-03-28,4,399.8300450008096,Valenciafurt
685,57,2023-05-21,5,542.1799148376726,Medinatown
686,76,2023-11-30,3,433.4937994324339,Debraberg
687,87,2023-11-21,2,426.5048235731796,North Jermainechester
688,61,2023-10-31,5,349.12451638047384,Michellehaven
689,47,2023-09-18,3,676.6533662599228,Williemouth
690,25,2023-02-06,4,671.269371704387,North Paigeland
691,18,2023-06-24,5,134.1412485637814,East Davidfort
692,35,2023-02-22,5,221.2244120698931,South Anthonybury
693,16,2023-02-19,4,562.6798588764505,West Laurenberg
694,69,2023-09-05,5,504.5894220168687,East Loretta
695,45,2023-06-04,5,839.5593239121112,Cliffordfurt
696,78,2023-11-05,5,470.0003837993249,Lake Cherylbury
697,40,2023-10-26,3,730.5588100929574,Sheltontown
698,6,2023-09-04,1,877.2320315328809,North Deanna
699,49,2023-04-21,2,354.83633332793676,North Jason
700,21,2023-02-11,4,443.9343444961331,Williemouth
701,73,2023-08-19,1,248.759615725262,Christinestad
702,22,2023-06-29,3,898.5671997789365,Lake Cherylbury
703,76,2023-10-21,4,561.4285247586431,East Mckenzie
704,51,2023-01-30,3,245.15796247370756,Dudleybury
705,14,2023-03-26,1,288.5711745039008,Valenciafurt
706,57,2023-04-21,4,960.8296112689123,New Christopherburgh
707,34,2023-02-12,3,430.127683218084,Brandonview
708,65,2023-10-04,4,183.1218947509932,Danielmouth
709,39,2023-02-09,3,200.46430010809246,West Nicholasside
710,77,2023-09-06,3,870.7879127225815,Valenciafurt
711,58,2023-07-12,2,837.5570345293794,Lake Kimberlyfurt
712,35,2023-12-04,2,501.3940566247945,East Charles
713,3,2023-12-18,1,157.65331227277915,Braunchester
714,89,2023-05-23,1,702.5603370923379,Gonzalesshire
715,45,2023-11-01,2,340.48189809867597,North Carolyn
716,38,2023-10-02,5,259.5142017694466,Gonzalesshire
717,41,2023-04-01,5,481.5663152731711,Wilkinsonmouth
718,68,2023-03-30,1,563.2644908071159,Lake Kevin
719,27,2023-10-23,2,474.0353423039662,Deckerland
720,78,2023-10-18,4,733.8689280966029,New Andrew
721,17,2023-02-17,1,531.0444697363951,Johnathanburgh
722,59,2023-10-14,1,220.79968746610643,Sueshire
723,6,2023-05-11,5,792.1295699379862,Johnathanburgh
724,91,2023-07-07,1,165.35405990147808,Christinestad
725,12,2023-03-14,2,748.6665636227079,Lake Cherylbury
726,12,2023-02-26,2,955.077465799276,North Rebecca
727,70,2023-01-23,1,437.1725241388064,Christopherstad
728,39,2023-06-21,2,909.2267335690551,North Carolyn
729,71,2023-02-27,4,999.304511844764,Nicholaston
730,75,2023-06-18,5,252.63188671850503,North Garybury
731,8,2023-04-06,4,360.4897410282504,Millsborough
732,34,2023-11-27,2,665.4476637812547,Collinsside
733,6,2023-01-15,5,732.1574344798241,East Mckenzie
734,53,2023-03-07,2,284.3241607544402,New Andrew
735,59,2023-06-21,5,640.1869946419039,Port Dianemouth
736,11,2023-08-01,1,943.1438109878123,Lake Lauraton
737,72,2023-03-10,2,928.037052203288,Shermanview
738,43,2023-05-30,1,612.1867186112419,Petersonport
739,38,2023-03-06,4,876.3331762887115,Port Dawnview
740,97,2023-05-27,4,150.07456032773513,Lake Patrickstad
741,68,2023-05-12,3,408.5650287660603,Jenniferfurt
742,81,2023-05-06,5,513.3783932479364,Lake Patrickstad
743,88,2023-10-31,5,494.5097622761539,Deckerland
744,2,2023-05-05,1,823.6324484089072,Villarrealfort
745,72,2023-10-09,4,356.9767022443901,West Mark
746,13,2023-11-15,4,332.4191206135225,Debraberg
747,61,2023-07-23,2,486.9041434419539,Moranland
748,55,2024-01-01,4,206.57241096487576,Debraberg
749,33,2023-12-29,4,760.018871620917,Jenniferfurt
750,92,2023-05-03,2,333.8247385442959,Villarrealfort
751,45,2023-08-20,3,977.4067989233798,Melaniebury
752,96,2023-06-09,2,300.30187695674067,North Paigeland
753,11,2023-01-24,5,645.3481199562441,Campbellton
754,3,2023-01-30,5,812.0628823843658,New Juliehaven
755,55,2023-05-15,5,686.0138106632028,North Erinborough
756,31,2023-07-14,5,688.9708066762342,New Andrew
757,46,2023-09-11,2,461.7229217362796,Moranland
758,74,2023-11-05,2,183.53100116935508,New Juliehaven
759,72,2024-01-04,2,132.20503511867292,North Kylie
760,95,2023-02-11,2,175.65742371395118,Jenniferfurt
761,22,2023-04-30,3,947.2573928817592,Melaniebury
762,73,2023-10-17,3,313.43821002330293,Jenniferport
763,13,2023-06-09,4,968.5087444218387,Christinestad
764,67,2023-06-24,3,183.92269117091365,New Andrew
765,39,2023-11-29,4,511.17410395548757,North Renee
766,67,2023-04-03,4,565.0750596352173,South Melissa
767,15,2023-02-25,5,714.7517016902615,Danielmouth
768,18,2023-09-10,4,804.0191552840515,Port Jeffreyhaven
769,86,2023-01-13,4,145.00389532659273,Petersonport
770,37,2023-05-17,4,194.16575208901656,Braunchester
771,85,2023-05-27,3,913.8038343349382,West Nicholasside
772,7,2023-03-05,1,104.71077780445682,East Mckenzie
773,5,2023-06-28,5,882.5262789841564,Masonchester
774,95,2023-10-03,5,929.7309898883583,Gailmouth
775,47,2023-10-18,3,107.04980955886965,North Kendra
776,30,2023-05-27,5,528.1174913085797,Valenciafurt
777,86,2023-11-09,3,395.74056831789164,Port Jeffreyhaven
778,99,2023-01-20,4,314.6243528047453,Sosatown
779,40,2023-09-04,2,202.10164004520266,North Jermainechester
780,81,2023-12-27,2,941.7207819514249,Port Michaelmouth
781,27,2023-06-18,1,534.5877825179759,Michaelshire
782,74,2023-03-04,3,835.5802488968839,New Juliehaven
783,58,2023-07-19,5,880.6216863247994,Hamptonview
784,34,2023-02-22,5,656.9568147376372,Port Antonio
785,4,2023-01-20,5,351.7181116323894,Nicholaston
786,10,2023-07-25,1,944.749363115236,Aguirreside
787,10,2023-11-09,5,500.2372823406071,East Loretta
788,97,2023-08-08,4,365.6340642703378,Josephfurt
789,45,2023-05-31,4,877.5675385418175,Katrinastad
790,72,2023-02-13,5,438.2786749466472,Walterschester
791,58,2024-01-08,4,353.8693710713852,Shanefort
792,45,2023-10-13,4,322.20777636616333,North Kendra
793,5,2023-08-06,1,641.7729689232864,Gailmouth
794,2,2023-03-01,2,934.233442914417,Walterschester
795,55,2023-06-21,1,149.46485046170497,Gregoryview
796,53,2023-12-12,1,964.4944305897063,West Mark
797,43,2023-04-07,3,452.6462713121174,Johnathanburgh
798,63,2023-10-04,5,554.0565684764865,Christinestad
799,94,2023-10-16,5,141.97025920258756,North Paigeland
800,92,2023-07-14,2,394.31782521165667,Deckerland
801,50,2023-08-30,4,846.5060828436907,Hamptonview
802,41,2023-12-21,4,504.7201360414592,Millsborough
803,81,2023-09-14,1,168.53408383868023,Aguirreside
804,100,2023-08-23,5,419.79840756702146,West Laurenberg
805,97,2024-01-05,5,295.93074517171385,Williemouth
806,3,2023-11-22,5,257.70236675417925,East Davidfort
807,65,2023-10-20,2,185.6430747497565,North Jermainechester
808,6,2023-01-31,2,493.5396050976861,North Rebecca
809,62,2024-01-08,3,130.2463287788883,West Nicholasside
810,48,2023-04-27,5,320.75601681017315,Deckerland
811,26,2023-03-28,5,183.04400253381013,Port Drewberg
812,42,2023-08-24,2,493.7680127624941,Braunchester
813,25,2023-06-15,5,502.2742251179373,Lake Lauraton
814,67,2023-12-03,1,853.6415582205707,Wilkinsonmouth
815,71,2023-06-07,2,240.53313546761052,Lake Brittany
816,55,2023-04-19,2,609.6547034953866,West Nicholasside
817,26,2023-08-13,5,965.9216120487193,Durhamview
818,52,2023-09-11,4,534.683194948386,Christinestad
819,50,2023-06-04,1,526.6824859935084,Gregoryview
820,16,2023-03-18,2,185.92876052747278,Port Heatherview
821,43,2023-07-12,1,121.33939062283619,Lake Patrickstad
822,72,2023-03-31,4,760.0330094987268,Deckerland
823,69,2023-12-28,4,661.9375837225032,North Kylie
824,60,2023-07-18,4,800.3198352567293,Williamschester
825,78,2023-04-10,2,863.2707292280214,Michellehaven
826,14,2023-10-16,3,806.2833174307257,Brandonview
827,66,2023-02-09,1,545.2007379963995,Shanefort
828,65,2023-06-24,5,496.5525045406698,Moranland
829,93,2023-03-03,4,574.4069449586767,East Loretta
830,48,2023-07-07,5,638.3713205405849,Christinestad
831,28,2023-06-29,2,804.2037972253647,Debraberg
832,38,2023-03-26,5,137.57015747891543,Port Dawnview
833,95,2023-08-01,1,408.05968062423585,Dudleybury
834,22,2023-09-07,2,843.6560082980378,Lake Kimberlyfurt
835,16,2023-01-25,5,273.0817078396574,East Mckenzie
836,40,2023-01-28,3,591.5735600976557,New Juliehaven
837,88,2023-05-11,4,181.0214483066626,Campbellton
838,8,2023-10-06,3,603.2008991065588,Jenniferfurt
839,43,2023-11-14,2,200.33995893332101,North Erinborough
840,75,2023-09-12,2,167.48933091295044,North Erinborough
841,24,2023-03-16,5,245.2972738437611,Gregoryview
842,34,2024-01-04,4,795.544787086145,Collinsside
843,86,2023-09-17,5,335.16584470097325,New Rachelland
844,20,2023-02-15,4,259.6135709558347,Sueshire
845,3,2023-09-30,3,832.5327209579549,Kellystad
846,30,2023-10-09,3,651.7159658588298,East Davidfort
847,60,2023-12-07,3,668.5527713395957,Michaelshire
848,80,2023-10-08,5,778.4877635755455,North Garybury
849,76,2023-07-27,2,407.506438801661,Port Dianemouth
850,80,2023-03-19,5,838.358680839156,East Charles
851,81,2023-12-17,5,312.92426341458054,East Loretta
852,100,2023-10-23,4,645.1488268587353,Shermanview
853,97,2023-06-04,4,397.0599972043597,Durhamview
854,39,2023-08-09,2,456.54599564933625,Aguirreside
855,9,2024-01-04,1,383.10727235885844,Nicholaston
856,65,2023-12-30,3,508.672066280783,Williamschester
857,56,2023-06-01,4,423.2943815095035,West Mark
858,15,2023-06-11,2,908.3670124759125,Michaelshire
859,41,2023-06-18,1,793.9469020324636,North Garybury
860,46,2023-02-07,3,165.45807709453413,Port Michaelmouth
861,78,2023-07-03,4,754.1461907900527,New Christopherburgh
862,80,2023-10-26,2,888.5409925988309,East Mckenzie
863,86,2023-10-11,5,501.1254597789816,Williamschester
864,6,2023-07-22,5,949.7174890662354,Hallmouth
865,78,2023-07-02,5,874.1867607972927,Katrinastad
866,26,2023-08-05,4,857.3002755869929,Petersfurt
867,5,2023-05-08,4,347.8676867783719,Nicholaston
868,62,2023-09-12,4,525.3367069696244,Matthewhaven
869,76,2024-01-03,3,778.3855127428282,Christopherstad
870,26,2023-02-24,2,800.2524060851763,Katrinastad
871,12,2023-09-27,2,146.36038074690765,Valenciafurt
872,8,2023-05-20,4,452.0000895118754,Millerbury
873,20,2023-10-20,4,894.7864435685004,North Kendra
874,89,2023-01-30,3,806.3247526156133,Shermanview
875,23,2023-06-25,3,435.0685769967992,New Christopherburgh
876,21,2023-01-25,2,555.5665005519824,East Crystalbury
877,26,2023-01-29,5,177.36937744254118,Aguirreside
878,92,2023-07-23,4,917.1014378677978,South Anthonybury
879,78,2023-11-13,4,419.9746318553007,Wilkinsonmouth
880,26,2023-02-26,4,315.06015051629936,Hartfort
881,24,2023-04-20,1,846.6064006092267,Port Michaelmouth
882,36,2023-06-30,1,601.0743049996247,Port Michaelmouth
883,78,2023-04-28,1,427.29033015034133,Petersonport
884,96,2023-10-22,2,436.61198397475397,Lake Patrickstad
885,50,2023-04-19,3,551.7808368788437,Christopherstad
886,85,2023-02-24,1,637.2886113968052,Kellystad
887,73,2023-05-18,2,435.7167756488179,New Rachelland
888,25,2023-09-22,1,427.2196768781634,North Deanna
889,99,2023-08-10,5,717.5082076362809,Walterschester
890,99,2023-07-19,3,399.63613427841136,Lake Cherylbury
891,45,2023-01-17,2,219.5296955574716,New Mark
892,96,2023-04-17,4,619.3554118366199,Gonzalesshire
893,25,2023-09-23,4,725.8618894213466,Brandonview
894,37,2023-04-22,5,371.70666180457755,New Rachelland
895,85,2023-10-23,4,556.6106765278041,Lake Patrickstad
896,39,2023-12-13,4,173.82767995234107,Debraberg
897,71,2023-07-10,4,609.3558876616182,West Leonardton
898,2,2023-11-26,3,112.25992213209406,Dudleybury
899,61,2023-02-17,2,412.8645978233229,West Leonardton
900,73,2023-10-14,3,810.9758491895518,Lake Kevin
